Gemeente,Datum,Medium,Platform,Link,Locatie 1,Vak1,Locatie 2,Vak2,Locatie 3,Vak3,Locatie 4,Vak4,Locatie 5,Vak5,Locatie 6,Vak6
Arnhem,06/22/2008,Social media,Youtube,https://www.youtube.com/watch?v=7dJBb1ba_8w,,,,,,,,,,,,
Arnhem,06/22/2008,Social media,Youtube,https://www.youtube.com/watch?v=9va9sY2W1DU,Sonsbeek,435422,,,,,,,,,,
Arnhem,06/22/2008,Social media,Youtube,https://www.youtube.com/watch?v=KsVaBTGCFcc,Angerenstein 1,434424,Angerenstein 2,434425,Angerenstein 3,435424,,,,,,
Arnhem,06/22/2008,Social media,Youtube,https://www.youtube.com/watch?v=SKbjrXXSYtA,Hommelseweg,435423,,,,,,,,,,
Arnhem,07/26/2008,Social media,Youtube,https://www.youtube.com/watch?v=P-pQJY2zf04,,,,,,,,,,,,
Arnhem,07/06/2009,Social media,Youtube,https://www.youtube.com/watch?v=V4qMzWcK06o,Malburgen-west 1,437422,Malburgen-west 2,438422,,,,,,,,
Arnhem,08/26/2010,Social media,Youtube,https://www.youtube.com/watch?v=AiICcpgdmQc,Lauwersgracht,436423,,,,,,,,,,
Arnhem,08/26/2010,Social media,Youtube,https://www.youtube.com/watch?v=FzNX8SfVwVo,,,,,,,,,,,,
Arnhem,06/05/2011,Social media,Youtube,https://www.youtube.com/watch?v=_LMjFStIVF0,Geitenkamp 1,433424,Geitenkamp 2,433425,Geitenkamp 3,434424,,,,,,
Arnhem,06/05/2011,Social media,Youtube,https://www.youtube.com/watch?v=1sGpQtqG5aA,Lauwersgracht,436423,,,,,,,,,,
Arnhem,06/05/2011,Social media,Youtube,https://www.youtube.com/watch?v=FYHqwvLOf2U,Geitenkamp 1,433424,Geitenkamp 2,433425,Geitenkamp 3,434424,,,,,,
Arnhem,08/03/2011,Social media,Youtube,https://www.youtube.com/watch?v=hJmo4qEG5b4,,,,,,,,,,,,
Arnhem,08/03/2011,Social media,Youtube,https://www.youtube.com/watch?v=InTaw4fwpGo,,,,,,,,,,,,
Arnhem,08/03/2011,Social media,Youtube,https://www.youtube.com/watch?v=La1hKBRhhvk,Oranjewachtstraat,437423,,,,,,,,,,
Arnhem,04/29/2014,Social media,Youtube,https://www.youtube.com/watch?v=6gBxjryXDD8,Hotel Groot Warnsborn,433420,,,,,,,,,,
Arnhem,04/29/2014,Social media,Youtube,https://www.youtube.com/watch?v=Fz74mMpqPgA,Hotel Groot Warnsborn,433420,,,,,,,,,,
Arnhem,04/29/2014,Social media,Youtube,https://www.youtube.com/watch?v=Xp51GILSV8s,Sonsbeek,435422,,,,,,,,,,
Arnhem,07/11/2014,Social media,Twitter,https://twitter.com/Jeff026/status/488009997285343233,Oranjewachtstraat,437423,,,,,,,,,,
Arnhem,07/27/2014,Nieuws,BN de Stem,https://www.bndestem.nl/overig/watermuseum-arnhem-gesloten-wegens-wateroverlast~a8fb78e2/?referrer=https://www.google.com/,Sonsbeek,435422,,,,,,,,,,
Arnhem,07/27/2014,Nieuws,Gelrenieuws,https://www.gelrenieuws.nl/2014/07/wateroverlast-teistert-de-regio.html,,,,,,,,,,,,
Arnhem,07/27/2014,Nieuws,Omroep Gelderland,https://www.omroepgelderland.nl/nieuws/2065149/Wateroverlast-in-Gelderland,,,,,,,,,,,,
Arnhem,07/27/2014,Social media,Twitter,https://twitter.com/BrengOV/status/493729541253103616,Presikhaaf 1,435425,,,,,,,,,,
Arnhem,07/27/2014,Social media,Twitter,https://twitter.com/HanAltena/status/493823163432980480,Watermuseum,,,,,,,,,,,
Arnhem,07/27/2014,Social media,Twitter,https://twitter.com/henkabma/status/493748292019556353,Arnhem centraal,436422,,,,,,,,,,
Arnhem,07/27/2014,Social media,Twitter,https://twitter.com/henrivanveen/status/493755714746482688,,,,,,,,,,,,
Arnhem,07/27/2014,Social media,Twitter,https://twitter.com/Hoefakker/status/493723993636368384,Geitenkamp 1,433424,,,,,,,,,,
Arnhem,07/27/2014,Social media,Twitter,https://twitter.com/Hoefakker/status/493830671668764673,Sonsbeek,435422,,,,,,,,,,
Arnhem,07/27/2014,Social media,Twitter,https://twitter.com/Jacqueline_j66/status/493791101791522818,,,,,,,,,,,,
Arnhem,07/27/2014,Social media,Twitter,https://twitter.com/LindaLedderhof/status/493749730963628033,Molenbeke,436424,,,,,,,,,,
Arnhem,07/27/2014,Social media,Twitter,https://twitter.com/maryvanderes/status/493750249912283136,,,,,,,,,,,,
Arnhem,07/27/2014,Social media,Twitter,https://twitter.com/mathijsste/status/493720342763147264,Wichard van Pontlaan,435425,,,,,,,,,,
Arnhem,07/27/2014,Social media,Twitter,https://twitter.com/Watermuseum/status/493778793765797888,Sonsbeek,435422,,,,,,,,,,
Arnhem,07/27/2014,Social media,Youtube,https://www.youtube.com/watch?v=2R0W5dK9yjc,,,,,,,,,,,,
Arnhem,07/27/2014,Social media,Youtube,https://www.youtube.com/watch?v=373MwIi1n9o,Geitenkamp 1,433424,Geitenkamp 2,433425,Geitenkamp 3,434424,,,,,,
Arnhem,07/27/2014,Social media,Youtube,https://www.youtube.com/watch?v=4NO0AKODnDA,,,,,,,,,,,,
Arnhem,07/27/2014,Social media,Youtube,https://www.youtube.com/watch?v=70FYuZMu0uQ,Sonsbeek,435422,,,,,,,,,,
Arnhem,07/27/2014,Social media,Youtube,https://www.youtube.com/watch?v=9eHolH79hXY,,,,,,,,,,,,
Arnhem,07/27/2014,Social media,Youtube,https://www.youtube.com/watch?v=aAyHTaTtQ1A,Sonsbeek,435422,,,,,,,,,,
Arnhem,07/27/2014,Social media,Youtube,https://www.youtube.com/watch?v=aRuOjRu0gns,Hommelseweg,435423,,,,,,,,,,
Arnhem,07/27/2014,Social media,Youtube,https://www.youtube.com/watch?v=B92Ic64BO1g,Koolstraat,435423,,,,,,,,,,
Arnhem,07/27/2014,Social media,Youtube,https://www.youtube.com/watch?v=cSquBp4hXH0,,,,,,,,,,,,
Arnhem,07/27/2014,Social media,Youtube,https://www.youtube.com/watch?v=dzQ5-h9HhnA,,,,,,,,,,,,
Arnhem,07/27/2014,Social media,Youtube,https://www.youtube.com/watch?v=geEGJmbKWic,Presikhaaf 1,435425,,,,,,,,,,
Arnhem,07/27/2014,Social media,Youtube,https://www.youtube.com/watch?v=HjvvklAHiWw,Middenweg,434425,,,,,,,,,,
Arnhem,07/27/2014,Social media,Youtube,https://www.youtube.com/watch?v=HWE0dXHTKdY,,,,,,,,,,,,
Arnhem,07/27/2014,Social media,Youtube,https://www.youtube.com/watch?v=jgK4o8h_lbA,,,,,,,,,,,,
Arnhem,07/27/2014,Social media,Youtube,https://www.youtube.com/watch?v=MvvzLGt-umE,Plattenburg 1,435424,Plattenburg 2,435425,,,,,,,,
Arnhem,07/27/2014,Social media,Youtube,https://www.youtube.com/watch?v=q3PrAhISzM8,,,,,,,,,,,,
Arnhem,07/27/2014,Social media,Youtube,https://www.youtube.com/watch?v=Raw4r-BG6H0,Rijnstate ziekenhuis,434422,,,,,,,,,,
Arnhem,07/27/2014,Social media,Youtube,https://www.youtube.com/watch?v=rf6pliU5PiQ,,,,,,,,,,,,
Arnhem,07/27/2014,Social media,Youtube,https://www.youtube.com/watch?v=RJSN86wu25k,Velperweg 1,435424,Velperweg 2,435425,,,,,,,,
Arnhem,07/27/2014,Social media,Youtube,https://www.youtube.com/watch?v=rUbx1Uwv730,leuke linde,435423,,,,,,,,,,
Arnhem,07/27/2014,Social media,Youtube,https://www.youtube.com/watch?v=V4qMzWcK06o,Geitenkamp 1,433424,Geitenkamp 2,433425,Geitenkamp 3,434424,,,,,,
Arnhem,07/27/2014,Social media,Youtube,https://www.youtube.com/watch?v=w-uhWYwNIV4,,,,,,,,,,,,
Arnhem,07/27/2014,Social media,Youtube,https://www.youtube.com/watch?v=ZBVu2NtnIj0,Sonsbeek,435422,,,,,,,,,,
Arnhem,07/27/2014,Social media,Youtube,youtube.com/watch?v=SS67CWKb8vQ,,,,,,,,,,,,
Arnhem,07/27/2014,,Facebook,https://www.facebook.com/martin.tilstra/posts/679521048790759,,,,,,,,,,,,
Arnhem,07/27/2014,,Facebook,https://www.facebook.com/photo.php?fbid=10152355065938897&set=a.10150604283888897&type=3&theater,,,,,,,,,,,,
Arnhem,07/27/2014,,Facebook,https://www.facebook.com/watch/?v=325463947619119,,,,,,,,,,,,
Arnhem,05/30/2016,Nieuws,De Gelderlander,https://www.gelderlander.nl/default/overvloedige-regen-treft-vooral-presikhaaf-bus-rijdt-door-video~a513b7c3/,Presikhaaf 1,435425,Presikhaaf 2,436425,Presikhaaf 3,436426,,,,,,
Arnhem,05/30/2016,Nieuws,Omroep Gelderland,https://www.omroepgelderland.nl/nieuws/2110926/Honderden-meldingen-over-wateroverlast-in-Gelderland-liveblog,,,,,,,,,,,,
Arnhem,05/30/2016,Nieuws,Omroep Gelderland,https://www.omroepgelderland.nl/nieuws/2110937/Zwemmen-en-waterskien-noodweer-in-Gelderland-in-12-opvallende-filmpjes,,,,,,,,,,,,
Arnhem,05/30/2016,Social media,Twitter,https://twitter.com/swartpeh/status/737353721437376516,Presikhaaf 1,435425,Presikhaaf 2,436425,Presikhaaf 3,436426,,,,,,
Arnhem,05/30/2016,Social media,Twitter,https://twitter.com/swartpeh/status/737356422560813056,,,,,,,,,,,,
Arnhem,05/30/2016,Social media,Twitter,https://twitter.com/ThomasWustman/status/737314234804109314,Plattenburg 1,435424,Plattenburg 2,435425,,,,,,,,
Arnhem,05/30/2016,Social media,Facebook,https://www.facebook.com/sjonniesbar.bar/videos/909726415820371/,,,,,,,,,,,,
Arnhem,05/30/2016,Social media,Youtube,https://www.youtube.com/watch?v=Ic_K05XG2Io,Wichard van Pontlaan,435425,,,,,,,,,,
Arnhem,05/30/2016,Social media,Youtube,https://www.youtube.com/watch?v=JMfKmTnt_yM,Presikhaaf 1,435425,Presikhaaf 2,436425,Presikhaaf 3,436426,,,,,,
Arnhem,05/30/2016,Social media,Youtube,https://www.youtube.com/watch?v=k3LC04wX7E8,Spoortunnel Vosdijk,436424,,,,,,,,,,
Arnhem,05/30/2016,Social media,Youtube,https://www.youtube.com/watch?v=QKFeKz5tFXY,,,,,,,,,,,,
Arnhem,05/30/2016,Social media,Youtube,https://www.youtube.com/watch?v=RPZ4HDmz3ok,Presikhaaf 1,435425,Presikhaaf 2,436425,Presikhaaf 3,436426,,,,,,
Arnhem,05/30/2016,Social media,Youtube,https://www.youtube.com/watch?v=ZrYBICylQR0,Wichard van Pontlaan,435425,,,,,,,,,,
Arnhem,05/30/2016,Social media,Youtube,https://youtube.com/watch?v=ow36Cbl4cF4,Velperbroek,436427,,,,,,,,,,
Arnhem,08/30/2017,Social media,Youtube,https://www.youtube.com/watch?v=RJ4vfVF-eQ4,Presikhaaf 1,435425,,,,,,,,,,
Arnhem,08/13/2018,Nieuws,Omroep Gelderland,https://www.omroepgelderland.nl/nieuws/2321810/Wolkbreuken-zorgen-voor-wateroverlast,,,,,,,,,,,,
Arnhem,08/13/2018,Social media,Youtube,https://www.youtube.com/watch?v=DRnkbHTWLts,,,,,,,,,,,,
Arnhem,08/13/2018,Social media,Youtube,https://www.youtube.com/watch?v=tij7AGeG0qA,,,,,,,,,,,,
Enschede,06/29/2009,Social media,Youtube,https://www.youtube.com/watch?v=AP_Wz291Qpo,,,,,,,,,,,,
Enschede,07/03/2009,Social media,Youtube,https://www.youtube.com/watch?v=1JMnU0Wx3yE,Lasondersingel 1,400488,Lasondersingel 2,400489,Lasondersingel 3,400490,,,,,,
Enschede,07/03/2009,Social media,Youtube,https://www.youtube.com/watch?v=BP0eDvZ5o0M,Floraparkstraat,399491,,,,,,,,,,
Enschede,07/03/2009,Social media,Youtube,https://www.youtube.com/watch?v=eGacyUZfkl4,Lasondersingel 1,400488,Lasondersingel 2,400489,Lasondersingel 3,400490,,,,,,
Enschede,07/03/2009,Social media,Youtube,https://www.youtube.com/watch?v=MYFfEYKP8p0,,,,,,,,,,,,
Enschede,07/03/2009,Social media,Youtube,https://www.youtube.com/watch?v=pH49rT3zQGw,,,,,,,,,,,,
Enschede,08/26/2010,Nieuws,RTV Oost,https://www.flickr.com/photos/rtvoost/albums/72157624689584119,,,,,,,,,,,,
Enschede,08/26/2010,Nieuws,RTV Oost,https://www.flickr.com/photos/rtvoost/sets/72157624686106809/,,,,,,,,,,,,
Enschede,08/26/2010,Nieuws,RTV Oost,https://www.rtvoost.nl/nieuws/114632/Wateroverlast-door-regenval,Drienerlo,399485,Prinsessetunnel,401489,,,,,,,,
Enschede,08/26/2010,Nieuws,Tubantia,https://www.tubantia.nl/overig/wateroverlast-in-beeld~aec79258/,,,,,,,,,,,,
Enschede,08/26/2010,Nieuws,Weerwoord,https://www.weerwoord.be/m/1620678,,,,,,,,,,,,
Enschede,08/26/2010,Social media,Twitter,https://twitter.com/_Gijs/status/22189707353,,,,,,,,,,,,
Enschede,08/26/2010,Social media,Twitter,https://twitter.com/AnoukTimmerman/status/22197352365 ,,,,,,,,,,,,
Enschede,08/26/2010,Social media,Twitter,https://twitter.com/Burgemeester/status/22198588523 ,Drienerlo,399485,,,,,,,,,,
Enschede,08/26/2010,Social media,Twitter,https://twitter.com/chapter42/status/22164467447,,,,,,,,,,,,
Enschede,08/26/2010,Social media,Twitter,https://twitter.com/Drflexcon/status/22188661648 ,,,,,,,,,,,,
Enschede,08/26/2010,Social media,Twitter,https://twitter.com/drsDannydeVries/status/22189899271 ,,,,,,,,,,,,
Enschede,08/26/2010,Social media,Twitter,https://twitter.com/edonkers75/status/22252629409,,,,,,,,,,,,
Enschede,08/26/2010,Social media,Twitter,https://twitter.com/edwin_v/status/22198207820 ,Hogeland,402490,,,,,,,,,,
Enschede,08/26/2010,Social media,Twitter,https://twitter.com/EwoudSmedinga/status/22190241483 ,,,,,,,,,,,,
Enschede,08/26/2010,Social media,Twitter,https://twitter.com/EwoudSmedinga/status/22190611414,,,,,,,,,,,,
Enschede,08/26/2010,Social media,Twitter,https://twitter.com/Graafiez/status/22184716058,Drienerlo,399485,,,,,,,,,,
Enschede,08/26/2010,Social media,Twitter,https://twitter.com/HeinzeHavinga/status/22177394137 ,Antaresstraat,400486,,,,,,,,,,
Enschede,08/26/2010,Social media,Twitter,https://twitter.com/HennieEdelenbos/status/22190972256 ,,,,,,,,,,,,
Enschede,08/26/2010,Social media,Twitter,https://twitter.com/hesselma/status/22203409946,Drienerlo,399485,,,,,,,,,,
Enschede,08/26/2010,Social media,Twitter,https://twitter.com/jdalsem/status/22190827500,,,,,,,,,,,,
Enschede,08/26/2010,Social media,Twitter,https://twitter.com/kjybh/status/22207821826,,,,,,,,,,,,
Enschede,08/26/2010,Social media,Twitter,https://twitter.com/mathys/status/22192163334 ,,,,,,,,,,,,
Enschede,08/26/2010,Social media,Twitter,https://twitter.com/NielsLimbeek/status/22191822480,,,,,,,,,,,,
Enschede,08/26/2010,Social media,Twitter,https://twitter.com/rickwildeman/status/22168558005 ,,,,,,,,,,,,
Enschede,08/26/2010,Social media,Twitter,https://twitter.com/rzenhorst/status/22191527133,,,,,,,,,,,,
Enschede,08/26/2010,Social media,Twitter,https://twitter.com/tubantia/status/22168244327,,,,,,,,,,,,
Enschede,08/26/2010,Social media,Twitter,https://twitter.com/tubantia/status/22183433004 ,Haaksbergerstraat 1,401489,Haaksbergerstraat 2,402489,Haaksbergerstraat 3,402488,Haaksbergerstraat 4,403488,Haaksbergerstraat 5,403487,,
Enschede,08/26/2010,Social media,Twitter,https://twitter.com/vanmaanen/status/22194286552 ,,,,,,,,,,,,
Enschede,08/26/2010,Social media,Twitter,https://twitter.com/Wimku2/status/22186435629,,,,,,,,,,,,
Enschede,08/26/2010,Social media,Youtube,https://www.youtube.com/watch?v=_Kgb8thD7D8,,,,,,,,,,,,
Enschede,08/26/2010,Social media,Youtube,https://www.youtube.com/watch?v=_LMSE5o_rFA,Parkweg 1,401488,Parkweg 2,401489,,,,,,,,
Enschede,08/26/2010,Social media,Youtube,https://www.youtube.com/watch?v=3CAzfmt4C4E,Kottendijk,400489,,,,,,,,,,
Enschede,08/26/2010,Social media,Youtube,https://www.youtube.com/watch?v=4L47Adyihbk,,,,,,,,,,,,
Enschede,08/26/2010,Social media,Youtube,https://www.youtube.com/watch?v=8RyKJgEimfo,Twekkelerveld 1,399486,Twekkelerveld 2,400486,Twekkelerveld 3,400487,Twekkelerveld 4,400488,Twekkelerveld 5,401487,Twekkelerveld 6,401488
Enschede,08/26/2010,Social media,Youtube,https://www.youtube.com/watch?v=AwyiQ2RWvRs,,,,,,,,,,,,
Enschede,08/26/2010,Social media,Youtube,https://www.youtube.com/watch?v=ba0nYW8GWdI,De Heurne,401490,,,,,,,,,,
Enschede,08/26/2010,Social media,Youtube,https://www.youtube.com/watch?v=-CdZh-ABG6g,,,,,,,,,,,,
Enschede,08/26/2010,Social media,Youtube,https://www.youtube.com/watch?v=dN5W3v5ihy8,Haaksbergerstraat 1,401489,Haaksbergerstraat 2,402489,Haaksbergerstraat 3,402488,Haaksbergerstraat 4,403488,Haaksbergerstraat 5,403487,,
Enschede,08/26/2010,Social media,Youtube,https://www.youtube.com/watch?v=EQTeLdMu3JY,,,,,,,,,,,,
Enschede,08/26/2010,Social media,Youtube,https://www.youtube.com/watch?v=EXWQBxUkkMA,,,,,,,,,,,,
Enschede,08/26/2010,Social media,Youtube,https://www.youtube.com/watch?v=Fbr1XJY0Oqk,,,,,,,,,,,,
Enschede,08/26/2010,Social media,Youtube,https://www.youtube.com/watch?v=fUjEYfKf1UU,,,,,,,,,,,,
Enschede,08/26/2010,Social media,Youtube,https://www.youtube.com/watch?v=GXSCnda1Ats,Twekkelerveld 1,399486,Twekkelerveld 2,400486,Twekkelerveld 3,400487,Twekkelerveld 4,400488,Twekkelerveld 5,401487,Twekkelerveld 6,401488
Enschede,08/26/2010,Social media,Youtube,https://www.youtube.com/watch?v=LPzMAsjkHMU,,,,,,,,,,,,
Enschede,08/26/2010,Social media,Youtube,https://www.youtube.com/watch?v=MvyuCTXpR6c,,,,,,,,,,,,
Enschede,08/26/2010,Social media,Youtube,https://www.youtube.com/watch?v=n7c8rfdulGI,Moerasspirealaan,401493,,,,,,,,,,
Enschede,08/26/2010,Social media,Youtube,https://www.youtube.com/watch?v=np9IkOH77b4,Wethouder Beversstraat,402489,,,,,,,,,,
Enschede,08/26/2010,Social media,Youtube,https://www.youtube.com/watch?v=oG1x6kLc1Ls,,,,,,,,,,,,
Enschede,08/26/2010,Social media,Youtube,https://www.youtube.com/watch?v=oiZKoE0SeOY,Prinsessetunnel,401489,,,,,,,,,,
Enschede,08/26/2010,Social media,Youtube,https://www.youtube.com/watch?v=pikG_HTCunI,,,,,,,,,,,,
Enschede,08/26/2010,Social media,Youtube,https://www.youtube.com/watch?v=qcfdlV-2KOc&,Hogeland,402490,,,,,,,,,,
Enschede,08/26/2010,Social media,Youtube,https://www.youtube.com/watch?v=-rajU-zmAA0,Oldenzaalsestraat kruising de Heurne,400490,,,,,,,,,,
Enschede,08/26/2010,Social media,Youtube,https://www.youtube.com/watch?v=TBB0nsvWb-M,,,,,,,,,,,,
Enschede,08/26/2010,Social media,Youtube,https://www.youtube.com/watch?v=tN6XSMi2Ckw,,,,,,,,,,,,
Enschede,08/26/2010,Social media,Youtube,https://www.youtube.com/watch?v=TnzR2dQte5o,De Heurne,401490,,,,,,,,,,
Enschede,08/26/2010,Social media,Youtube,https://www.youtube.com/watch?v=tT_kx1aBYvw,Oldenzaalsestraat kruising de Heurne,400490,,,,,,,,,,
Enschede,08/26/2010,Social media,Youtube,https://www.youtube.com/watch?v=usGACnDzhoY,,,,,,,,,,,,
Enschede,08/26/2010,Social media,Youtube,https://www.youtube.com/watch?v=vqRP8XAbCPU,,,,,,,,,,,,
Enschede,08/26/2010,Social media,Youtube,https://www.youtube.com/watch?v=w2IPHF_dmeA,,,,,,,,,,,,
Enschede,08/26/2010,Social media,Youtube,https://www.youtube.com/watch?v=WIGPO5G6cOA,Oldenzaalsestraat kruising de Heurne,400490,,,,,,,,,,
Enschede,08/26/2010,Social media,Youtube,https://www.youtube.com/watch?v=x-do6yYGizY,,,,,,,,,,,,
Enschede,08/26/2010,Social media,Youtube,https://www.youtube.com/watch?v=Xg38fm0vSZw,Prinsessetunnel,401489,,,,,,,,,,
Enschede,08/26/2010,Social media,Youtube,https://www.youtube.com/watch?v=zPhEluilmpQ,Kerkstraat,400495,,,,,,,,,,
Enschede,04/27/2011,Nieuws,RTV Oost,https://www.flickr.com/photos/rtvoost/albums/72157626592636212,,,,,,,,,,,,
Enschede,04/27/2011,Nieuws,RTV Oost,https://www.rtvoost.nl/nieuws/124793/Lichte-wateroverlast-door-regenbui-in-Twente,Kanaalstraat 1,400486,Kanaalstraat 2,400487,Kanaalstraat 3,401487,Voortsweg 1,398490,Voortsweg 2,399490,,
Enschede,04/27/2011,Social media,Twitter,https://twitter.com/Bart_Hockey_ON/status/63260290590052352,,,,,,,,,,,,
Enschede,04/27/2011,Social media,Twitter,https://twitter.com/driving4x4/status/63274913745731584,,,,,,,,,,,,
Enschede,04/27/2011,Social media,Youtube,https://www.youtube.com/watch?v=GBhORbFL0P0,Kanaalstraat 1,400486,Kanaalstraat 2,400487,Kanaalstraat 3,401487,,,,,,
Enschede,06/06/2011,Social media,Twitter,https://twitter.com/DennisMoekotte/status/77781024012115968 ,,,,,,,,,,,,
Enschede,06/06/2011,Social media,Youtube,https://www.youtube.com/watch?v=znqO6ku72XA,Diekmanstraat,402490,,,,,,,,,,
Enschede,08/26/2012,Social media,Facebook,https://www.facebook.com/photo.php?fbid=347094175372728&set=a.245889688826511&type=3,,,,,,,,,,,,
Enschede,08/26/2012,Social media,Youtube,https://www.youtube.com/watch?v=_qmwFVdbJn8,,,,,,,,,,,,
Enschede,08/26/2012,Social media,Youtube,https://www.youtube.com/watch?v=85uonP_2YBo,,,,,,,,,,,,
Enschede,08/26/2012,Social media,Youtube,https://www.youtube.com/watch?v=kxWZa-Kf47Y,Hogeland-Noord,401490,,,,,,,,,,
Enschede,08/26/2012,Social media,Youtube,https://www.youtube.com/watch?v=pPSaSm_3RFQ,,,,,,,,,,,,
Enschede,08/26/2012,Social media,Youtube,https://www.youtube.com/watch?v=SQ8g01pe5E0,,,,,,,,,,,,
Enschede,06/20/2013,Nieuws,112 Twente,https://112twente.nl/artikel/11948/wateroverlast-malangstraat-enschede,Hogeland,402490,,,,,,,,,,
Enschede,06/20/2013,Nieuws,112 Twente,https://112twente.nl/artikel/11955/video1-wateroverlast-gronausestraat-enschede,Gronausestraat 1,401491,Gronausestraat 2,401492,Gronausestraat 3,401493,Gronausestraat 4,401494,Gronausestraat 5,401495,,
Enschede,06/20/2013,Nieuws,112 Twente,https://112twente.nl/artikel/11964/foto2-wateroverlast-prinsessetunnel-enschede-tunnel-volledig-onder-water-en-afgesloten,,,,,,,,,,,,
Enschede,06/20/2013,Nieuws,The Post Online,https://nieuws.tpo.nl/2013/06/20/fototopic-enschede-ondergelopen/,,,,,,,,,,,,
Enschede,06/20/2013,Nieuws,RTV Oost,https://www.flickr.com/photos/rtvoost/albums/72157634227155087,,,,,,,,,,,,
Enschede,06/20/2013,Nieuws,RTL nieuws,https://www.rtlnieuws.nl/node/2547451,,,,,,,,,,,,
Enschede,06/20/2013,Nieuws,RTV Oost,https://www.rtvoost.nl/nieuws/165794/Brandweer-Twente-druk-met-400-meldingen-noodweer,,,,,,,,,,,,
Enschede,06/20/2013,Nieuws,RTV Oost,https://www.rtvoost.nl/nieuws/165829/De-10-beste-foto-s-van-de-wateroverlast-in-Overijssel,,,,,,,,,,,,
Enschede,06/20/2013,Nieuws,Universiteit Twente,https://www.utwente.nl/nieuws/!/2013/6/172805/wateroverlast-campus-update-1808-uur,Campus UT 1,398486,Campus UT 2,399486,Campus UT 3,399487,,,,,,
Enschede,06/20/2013,Social media,Twitter,https://twitter.com/112Losser/status/347814958765076481,,,,,,,,,,,,
Enschede,06/20/2013,Social media,Twitter,https://twitter.com/112Twente/status/347811003620265985,Auke vleerstraat 1,399486,Auke vleerstraat 2,400485,Auke vleerstraat 3,400486,Auke vleerstraat 4,401485,,,,
Enschede,06/20/2013,Social media,Twitter,https://twitter.com/astridstweets/status/347723114051928065,Centrum 1,401489,Centrum 2,401490,,,,,,,,
Enschede,06/20/2013,Social media,Twitter,https://twitter.com/bammo_kun/status/347742751095410689,,,,,,,,,,,,
Enschede,06/20/2013,Social media,Twitter,https://twitter.com/Berkotelli/status/347751258901344256,Centrum 1,401489,Centrum 2,401490,,,,,,,,
Enschede,06/20/2013,Social media,Twitter,https://twitter.com/Bjorn_W/status/347737996780515330,,,,,,,,,,,,
Enschede,06/20/2013,Social media,Twitter,https://twitter.com/bokke1969/status/347732036464816131,,,,,,,,,,,,
Enschede,06/20/2013,Social media,Twitter,https://twitter.com/bounty4girl/status/347730061979435010 ,,,,,,,,,,,,
Enschede,06/20/2013,Social media,Twitter,https://twitter.com/CoostoNL/status/347732148494671872,,,,,,,,,,,,
Enschede,06/20/2013,Social media,Twitter,https://twitter.com/dezeeuwpatrick/status/347731875604881409 ,Centrum 1,401489,Centrum 2,401490,,,,,,,,
Enschede,06/20/2013,Social media,Twitter,https://twitter.com/dj_hartman/status/347705935944355840 ,,,,,,,,,,,,
Enschede,06/20/2013,Social media,Twitter,https://twitter.com/DoreenHendrikss/status/347720210230427648,Deurningerstraat 1,398488,Deurningerstraat 2,399488,Deurningerstraat 3,399489,Deurningerstraat 4,400489,,,,
Enschede,06/20/2013,Social media,Twitter,https://twitter.com/DuBlanqeBogarde/status/347715007401836544,,,,,,,,,,,,
Enschede,06/20/2013,Social media,Twitter,https://twitter.com/EchtNu/status/347756980905066497,Centrum 1,401489,Centrum 2,401490,,,,,,,,
Enschede,06/20/2013,Social media,Twitter,https://twitter.com/erikbusscher/status/347703382598905856,,,,,,,,,,,,
Enschede,06/20/2013,Social media,Twitter,https://twitter.com/evaesserss/status/347705420695089152 ,,,,,,,,,,,,
Enschede,06/20/2013,Social media,Twitter,https://twitter.com/evaesserss/status/347706802768592896 ,,,,,,,,,,,,
Enschede,06/20/2013,Social media,Twitter,https://twitter.com/evaesserss/status/347710633191538689 ,,,,,,,,,,,,
Enschede,06/20/2013,Social media,Twitter,https://twitter.com/EZGMusic/status/347759952045166594,,,,,,,,,,,,
Enschede,06/20/2013,Social media,Twitter,https://twitter.com/frenkr/status/347730071735382016,,,,,,,,,,,,
Enschede,06/20/2013,Social media,Twitter,https://twitter.com/Gem_Enschede/status/347728809132449792,,,,,,,,,,,,
Enschede,06/20/2013,Social media,Twitter,https://twitter.com/Geth/status/347730278351003648,,,,,,,,,,,,
Enschede,06/20/2013,Social media,Twitter,https://twitter.com/Harrietvwijngaa/status/347758238101549057,,,,,,,,,,,,
Enschede,06/20/2013,Social media,Twitter,https://twitter.com/Joooyy1991/status/347715427650125826,,,,,,,,,,,,
Enschede,06/20/2013,Social media,Twitter,https://twitter.com/LauraTongeren/status/347764266226552833,,,,,,,,,,,,
Enschede,06/20/2013,Social media,Twitter,https://twitter.com/Lentebriesje/status/347737075304525826,,,,,,,,,,,,
Enschede,06/20/2013,Social media,Twitter,https://twitter.com/leonvansteensel/status/347704695852257280,,,,,,,,,,,,
Enschede,06/20/2013,Social media,Twitter,https://twitter.com/MansfieldNL/status/347703938499358720 ,,,,,,,,,,,,
Enschede,06/20/2013,Social media,Twitter,https://twitter.com/martyvandijken/status/347711201519742979 ,,,,,,,,,,,,
Enschede,06/20/2013,Social media,Twitter,https://twitter.com/MathijsDubbe/status/347734639462477825,,,,,,,,,,,,
Enschede,06/20/2013,Social media,Twitter,https://twitter.com/NBbreaking/status/347714348413763586,,,,,,,,,,,,
Enschede,06/20/2013,Social media,Twitter,https://twitter.com/ollieno/status/347736398700367872,,,,,,,,,,,,
Enschede,06/20/2013,Social media,Twitter,https://twitter.com/RmkoSchippers/status/347715517949280257,Centrum 1,401489,Centrum 2,401490,,,,,,,,
Enschede,06/20/2013,Social media,Twitter,https://twitter.com/StannD_/status/347706461037658113,,,,,,,,,,,,
Enschede,06/20/2013,Social media,Twitter,https://twitter.com/StiefMcClaren/status/347730494378635267,Centrum 1,401489,Centrum 2,401490,,,,,,,,
Enschede,06/20/2013,Social media,Twitter,https://twitter.com/SUIamena/status/347735706728296448,,,,,,,,,,,,
Enschede,06/20/2013,Social media,Twitter,https://twitter.com/Sultan1herb/status/347734521699000320,Centrum 1,401489,Centrum 2,401490,,,,,,,,
Enschede,06/20/2013,Social media,Twitter,https://twitter.com/vangorkum/status/347999182604353536,,,,,,,,,,,,
Enschede,06/20/2013,Social media,Twitter,https://twitter.com/vangorkum/status/347999398665523200,,,,,,,,,,,,
Enschede,06/20/2013,Social media,Twitter,https://twitter.com/weermanreinier/status/347724711842705408,,,,,,,,,,,,
Enschede,06/20/2013,Social media,Twitter,https://twitter.com/whoebert/status/347726040111652865,,,,,,,,,,,,
Enschede,06/20/2013,Social media,Twitter,https://twitter.com/Wimku2/status/347706206112083968 ,,,,,,,,,,,,
Enschede,06/20/2013,Social media,Twitter,https://twitter.com/wroosenburg/status/347707781828202496 ,,,,,,,,,,,,
Enschede,06/20/2013,Social media,Facebook,https://www.facebook.com/arno.brummelhuis/posts/487610064653161,Centrum 1,401489,Centrum 2,401490,,,,,,,,
Enschede,06/20/2013,Social media,Facebook,https://www.facebook.com/focusstudio.nl/posts/556659557710943,,,,,,,,,,,,
Enschede,06/20/2013,Social media,Facebook,https://www.facebook.com/media/set/?set=ms.c.eJw9jMENwEAIwzaqgCTA7b9YpdLjadmJ2CogW1DBHw2Xdx5LLisscOpn2tfHso~%3BH~_tnfP2J6vvnLFrI~-.bps.a.548573355202399&type=1&__xts__[0]=68.ARAajO8Nrr_ggnnqH0nXoLAFHDDcmJ5JfL5loSjRrd-ug2OntfL-PrylDcJHeXfAEYUDA5bc-jv56eJeCwpVoi-4aFuxQ-r_mRzTHilukVKLVg7vXhL3zDBNXWdkVXguNSMHTrq4_9GRVLhc4G6VRhkSDR7X-A8gkIzWrtpQyCpuGg0E6WtyO5kKN5x9ZG-sYGu97YCWLsZVVkpZgRat1BWrqGKoBVJe_3sWSydERzbWoyGO5FsTqd3Rbjr6dTm5XkNyX-ah_ETaIzt5WUwZlKrXJ0D1-TzHZ531esX9hn15MyIzQl_uO3_yQYRI7-5EHEbF-q-V5JzSEQ0hFy-CL6sDHF-lHsqV5JUnHm26mYSd_8xYRrguoLD5ScgCQJBA-l7Uns3fFnZOjOiUpDFdgCD_i8fx24O7EE-xTLhZO7c_ufJT1cBnXtXdrEJwkxW_TJxkkHyhGq5ZDN60gA&__tn__=HH-R,,,,,,,,,,,,
Enschede,06/20/2013,Social media,Facebook,https://www.facebook.com/pg/WateruniversiteitTwente/photos/?tab=album&album_id=548569871869414&__xts__%5B0%5D=68.ARCLsVC2seC9NuGoVZAJcJL3KSZM6_IwQvei-_W6tI3VkmL-K63QjLeYt6gm_C3byRkliDl_ip-Avmd0jAacXnutiGUgYoXS_2SrMNCOYsFqdxc5NN9syd_Pi_iIV9_S4cvY4gmtK2i5XeneL7LRDzPTbZarbw7JJKxVWmEXga80WumTkSY6zv6W-7qZTtoLnflHKZMKrCit5kqONddCggGLRFRehaItKAAhhlRWc6EequISDhfg2H2Teae8cCaPKXNDnsq24GwmemiNeD9Zvw_zQb88TcK1dvMuSk-whQ174-2oiuLgWqvvOdAaz0khxikgTT0LyyhhJL6_I3OV56vqLTzwT_qZMqYzCBS8gd8IUCKF3KuxeYkF2k2TT07K2otZIXHMGqk1qfYmpHhfXJRRmDXiYzDgBEYDbPrPKqM4kE4BxKie39pEi94H8ql-Ei12yBBSz3YH&__tn__=-UC-R,,,,,,,,,,,,
Enschede,06/20/2013,Social media,Facebook,https://www.facebook.com/photo.php?fbid=661871663828467&set=a.208252262523745&type=3,,,,,,,,,,,,
Enschede,06/20/2013,Social media,Facebook,https://www.facebook.com/WateruniversiteitTwente/photos/a.548569871869414/549425268450541/?type=3&theater,Campus UT 1,398486,Campus UT 2,,Campus UT 3,,,,,,,
Enschede,06/20/2013,Social media,Facebook,https://www.facebook.com/WateruniversiteitTwente/photos/a.548586548534413/548586555201079/?type=3&theater,Campus UT 1,398486,Campus UT 2,399486,Campus UT 3,399487,,,,,,
Enschede,06/20/2013,Social media,Facebook,https://www.facebook.com/WateruniversiteitTwente/photos/a.549104998482568/549105005149234/?type=3&theater,Prinsessetunnel,401489,,,,,,,,,,
Enschede,06/20/2013,Social media,Facebook,https://www.facebook.com/WateruniversiteitTwente/photos/a.549104998482568/549553128437755/?type=3&theater,Campus UT 1,398486,Campus UT 2,,Campus UT 3,,,,,,,
Enschede,06/20/2013,Social media,Facebook,https://www.facebook.com/WateruniversiteitTwente/posts/549440761782325?__xts__[0]=68.ARCVVlkf5yP04SDqHwLgzsnLsCvr9nos-wvlb00ZqwxMPpRQqO6vVJ1eVWMgPsZ2C9nlid6bS32J0-_YE6OWCYOfdEKxsJpscbwpS03H-vaFxDfAqwhJG0zET2q4rOtDTCgBn9PM8oNbKDbmAn1JZq-0Tv5ynsQ7ciCAVArlH5Yjzka1__h_bU6LC52IlDgLAiwsShVUKnJ2HEaKy86ikT1rnRzi6FwrK2-LuryFmUkWe3iNOpyIMjWxoWguUFCXPpQjGIVRaYKu8bXaRswr1GlFY9D61hTnXzs9TAcrP_lNRKufFDrqQmb2o2kyIVs_5_RCW5YW33K9Aa7SfrbZOoLMNDJxYkHEtHuVI1ezFs0HsHIDHX1Whb6IXmtgEqBsWilAOWtn3gGr-hlV523XxzRi7YXDQkD5O48iYcPsc-in3ypUXUN0eQdLxZHuC8kAQvZZgf2dvIFIRWLmGg&__tn__=-R,,,,,,,,,,,,
Enschede,06/20/2013,Social media,Facebook,https://www.facebook.com/WateruniversiteitTwente/videos/588822917804496/?__xts__[0]=68.ARAjUPtXVdfzpVmYmMpiRkAvrU-IVfaWYaivYUisTvSOKw3Ah14wN16yTPAdhAUHPxF6ban0OcaZJEeSYHsuOO5BQjzgrVnrYh8LD1N4Z-0-cdoWUij6qzdy50KYY_ldG7KWPdJa-_N-t-09ZOZOXuOe5dbEnFLLwzyKrErP3jIMJw-Jd6zCFu22HVEAxjBqlbl2N70R5vxLI77Cd-LGUayGve_6YCoFz33RCLC3TX3Am78tQtHIDGMZBWCW7_-jMBBXE7I3iDCi_pcLpSwOJ_CmZJPLV7DP_njUQvEf6NnQ-lG1dd-qJI0agW_wyTNZh4r-z80N5X6ilkW6UEvubevZgT6KGvCF98k&__tn__=-R,,,,,,,,,,,,
Enschede,06/20/2013,Social media,Youtube,https://www.youtube.com/watch?v=050BAD7ODng,,,,,,,,,,,,
Enschede,06/20/2013,Social media,Youtube,https://www.youtube.com/watch?v=4-oY4TwQbis,,,,,,,,,,,,
Enschede,06/20/2013,Social media,Youtube,https://www.youtube.com/watch?v=5gqzhsfko00,Jupiterstraat kruising Auke Vleerstraat,399486,,,,,,,,,,
Enschede,06/20/2013,Social media,Youtube,https://www.youtube.com/watch?v=7_445zVMvJA,Gronausestraat 1,401491,Gronausestraat 2,401492,Gronausestraat 3,401493,Gronausestraat 4,401494,Gronausestraat 5,401495,,
Enschede,06/20/2013,Social media,Youtube,https://www.youtube.com/watch?v=9VoN77Gz76g,Haaksbergerstraat Rotonde  Zuiderval,,,,,,,,,,,
Enschede,06/20/2013,Social media,Youtube,https://www.youtube.com/watch?v=ACXuzjPhOoU,Deurningerstraat 1,398488,Deurningerstraat 2,399488,Deurningerstraat 3,399489,Deurningerstraat 4,400489,,,,
Enschede,06/20/2013,Social media,Youtube,https://www.youtube.com/watch?v=AVU3-gt3tcY,,,,,,,,,,,,
Enschede,06/20/2013,Social media,Youtube,https://www.youtube.com/watch?v=bhex4Yr1YCE,Van Galenstraat,401489,,,,,,,,,,
Enschede,06/20/2013,Social media,Youtube,https://www.youtube.com/watch?v=BR6HkDsbBno,Lasondersingel 1,400488,Lasondersingel 2,400489,Lasondersingel 3,400490,,,,,,
Enschede,06/20/2013,Social media,Youtube,https://www.youtube.com/watch?v=C2lgaF5ETTc,,,,,,,,,,,,
Enschede,06/20/2013,Social media,Youtube,https://www.youtube.com/watch?v=CQ7NiaQcQcU,Oosterstraat,400491,,,,,,,,,,
Enschede,06/20/2013,Social media,Youtube,https://www.youtube.com/watch?v=cQbEn0XEBWY,Tollensstraat,400489,,,,,,,,,,
Enschede,06/20/2013,Social media,Youtube,https://www.youtube.com/watch?v=cZbZ-oQwyWs,Pijlhovestraat,400487,,,,,,,,,,
Enschede,06/20/2013,Social media,Youtube,https://www.youtube.com/watch?v=Db1UYmJtgfU,,,,,,,,,,,,
Enschede,06/20/2013,Social media,Youtube,https://www.youtube.com/watch?v=dtvAUSWzYQI,Campus UT 1,398486,Campus UT 2,399486,Campus UT 3,399487,,,,,,
Enschede,06/20/2013,Social media,Youtube,https://www.youtube.com/watch?v=EE_i4AISkPw,Twekkelerveld 1,399486,Twekkelerveld 2,400486,Twekkelerveld 3,400487,Twekkelerveld 4,400488,Twekkelerveld 5,401487,Twekkelerveld 6,401488
Enschede,06/20/2013,Social media,Youtube,https://www.youtube.com/watch?v=et03Pq6tHdI,Calslaan,398486,,,,,,,,,,
Enschede,06/20/2013,Social media,Youtube,https://www.youtube.com/watch?v=G9ykSytUz-8,Kuipersdijk 1,402490,Kuipersdijk 2,403490,,,,,,,,
Enschede,06/20/2013,Social media,Youtube,https://www.youtube.com/watch?v=Gyq-SV57Sjo,Klomp kruising Oldenzaalsestraat,401490,,,,,,,,,,
Enschede,06/20/2013,Social media,Youtube,https://www.youtube.com/watch?v=h4yUpoqcsKs,,,,,,,,,,,,
Enschede,06/20/2013,Social media,Youtube,https://www.youtube.com/watch?v=hD0eHIfelb8,,,,,,,,,,,,
Enschede,06/20/2013,Social media,Youtube,https://www.youtube.com/watch?v=hfLbNd8zvwI,,,,,,,,,,,,
Enschede,06/20/2013,Social media,Youtube,https://www.youtube.com/watch?v=hIc5KdJXN9s,Boulevard 1945 kruising Oliemolensingel,401491,,,,,,,,,,
Enschede,06/20/2013,Social media,Youtube,https://www.youtube.com/watch?v=jF9NU2yytcA,Boulevard 1945 kruising Nijverheidsstraat ,401489,,,,,,,,,,
Enschede,06/20/2013,Social media,Youtube,https://www.youtube.com/watch?v=JgelsQqTxQI,,,,,,,,,,,,
Enschede,06/20/2013,Social media,Youtube,https://www.youtube.com/watch?v=m7i8QG7cwho,Kuipersdijk 1,402490,Kuipersdijk 2,403490,,,,,,,,
Enschede,06/20/2013,Social media,Youtube,https://www.youtube.com/watch?v=mXjTuIu_vkE,Tubantiasingel 1,400488,Tubantiasingel 2,401488,,,,,,,,
Enschede,06/20/2013,Social media,Youtube,https://www.youtube.com/watch?v=PLF4iRHbC50,Kuipersdijk 1,402490,Kuipersdijk 2,403490,,,,,,,,
Enschede,06/20/2013,Social media,Youtube,https://www.youtube.com/watch?v=pT3etZ7uWs8,Campus UT 1,398486,Campus UT 2,399486,Campus UT 3,399487,,,,,,
Enschede,06/20/2013,Social media,Youtube,https://www.youtube.com/watch?v=Px6Lh3r-1QA,Hogeland-Noord,401490,,,,,,,,,,
Enschede,06/20/2013,Social media,Youtube,https://www.youtube.com/watch?v=Pzdj4bOF5CM,Rembrandtlaan 1,401487,Rembrandtlaan 2,402487,,,,,,,,
Enschede,06/20/2013,Social media,Youtube,https://www.youtube.com/watch?v=Qxw305z2010,Van Lochemsstraat 1,400490,Van Lochemsstraat 2,401490,,,,,,,,
Enschede,06/20/2013,Social media,Youtube,https://www.youtube.com/watch?v=R8nWDqP7__g,,,,,,,,,,,,
Enschede,06/20/2013,Social media,Youtube,https://www.youtube.com/watch?v=SbVPMPKUeSQ,,,,,,,,,,,,
Enschede,06/20/2013,Social media,Youtube,https://www.youtube.com/watch?v=SXLcPH7sJ3M,,,,,,,,,,,,
Enschede,06/20/2013,Social media,Youtube,https://www.youtube.com/watch?v=SzqHYNLI_RU,Prinsessetunnel,401489,,,,,,,,,,
Enschede,06/20/2013,Social media,Youtube,https://www.youtube.com/watch?v=TKM_uk3XzBw,,,,,,,,,,,,
Enschede,06/20/2013,Social media,Youtube,https://www.youtube.com/watch?v=U7QLr3L_njM,,,,,,,,,,,,
Enschede,06/20/2013,Social media,Youtube,https://www.youtube.com/watch?v=ug8d0YQvvsg,,,,,,,,,,,,
Enschede,06/20/2013,Social media,Youtube,https://www.youtube.com/watch?v=ULGmbUyJhag,,,,,,,,,,,,
Enschede,06/20/2013,Social media,Youtube,https://www.youtube.com/watch?v=UP3mKRPgJRI,,,,,,,,,,,,
Enschede,06/20/2013,Social media,Youtube,https://www.youtube.com/watch?v=WFE32v8a0Ws,,,,,,,,,,,,
Enschede,06/20/2013,Social media,Youtube,https://www.youtube.com/watch?v=wnobkjJWuF0,Hogeland-Noord,401490,,,,,,,,,,
Enschede,06/20/2013,Social media,Youtube,https://www.youtube.com/watch?v=YZbUVRpbCuo,Haaksbergerstraat 1,401489,Haaksbergerstraat 2,402489,Haaksbergerstraat 3,402488,Haaksbergerstraat 4,403488,Haaksbergerstraat 5,403487,Helenastraat,402488
Enschede,06/20/2013,Social media,Youtube,https://www.youtube.com/watch?v=ZmSB2jGLo9I,Haaksbergerstraat 1,401489,Haaksbergerstraat 2,402489,Haaksbergerstraat 3,402488,Haaksbergerstraat 4,403488,Haaksbergerstraat 5,403487,,
Enschede,08/19/2013,Nieuws,RTV Oost,https://www.rtvoost.nl/nieuws/169159/Plafond-van-school-in-Enschede-komt-naar-beneden-door-hoosbui,Vastertlanden,404490,,,,,,,,,,
Enschede,08/19/2013,Social media,Twitter,https://twitter.com/Stefanuzz/status/369363023405654016,Enschede Station 1,400489,Enschede Station 2,401489,,,,,,,,
Enschede,08/19/2013,Social media,Youtube,https://www.youtube.com/watch?v=fp26PYt4Hwg,Vastertlanden,404490,,,,,,,,,,
Enschede,09/06/2013,Social media,Youtube,https://www.youtube.com/watch?v=_FuhdjzHgFI,Zuid Esmarkerrondweg 1,404490,Zuid Esmarkerrondweg 2,404491,Zuid Esmarkerrondweg 3,403491,,,,,,
Enschede,09/10/2013,Social media,Twitter,https://twitter.com/112Twente/status/377338662838476800,Twekkelerveld 1,399486,Twekkelerveld 2,400486,Twekkelerveld 3,400487,Twekkelerveld 4,400488,Twekkelerveld 5,401487,Twekkelerveld 6,
Enschede,09/10/2013,Social media,Twitter,https://twitter.com/112Twente/status/377340873790738432 ,Auke Vleerstraat 1,399486,Auke Vleerstraat 2,400485,Auke Vleerstraat 3,400486,,,,,,
Enschede,09/10/2013,Social media,Twitter,https://twitter.com/EnschedeNieuws/status/377358585246011392,,,,,,,,,,,,
Enschede,09/10/2013,Social media,Twitter,https://twitter.com/IlseScholten/status/377307845148299264 ,Van Diemenstraat,402491,,,,,,,,,,
Enschede,09/10/2013,Social media,Twitter,https://twitter.com/veldmaatboys/status/377297187405062144 ,Haven Enschede 1,400486,Haven Enschede 2,401485,Haven Enschede 3,401486,Haven Enschede 4,401487,,,,
Enschede,07/28/2014,Nieuws,112 Twente,https://112twente.nl/artikel/22997/video-wateroverlast-na-extreem-weer-in-overijssel,,,,,,,,,,,,
Enschede,07/28/2014,Nieuws,RTV Oost,https://mobiel.rtvoost.nl/nieuws/194851/noodweer-veroorzaakt-overlast-in-overijssel-straten-op-veel-plekken-blank?rub=0&jwsource=cl,,,,,,,,,,,,
Enschede,07/28/2014,Nieuws,RTV Oost,https://www.flickr.com/photos/rtvoost/albums/72157645995732614/page2,,,,,,,,,,,,
Enschede,07/28/2014,Social media,Twitter,https://twitter.com/BauerJup/status/493782284894744576 ,,,,,,,,,,,,
Enschede,07/28/2014,Social media,Twitter,https://twitter.com/lieveCynthia/status/493849143161683968 ,,,,,,,,,,,,
Enschede,07/28/2014,Social media,Twitter,https://twitter.com/Troel/status/493808611559485440 ,,,,,,,,,,,,
Enschede,08/10/2014,Nieuws,RTV Oost,https://www.flickr.com/photos/rtvoost/albums/72157645919886557,,,,,,,,,,,,
Enschede,08/10/2014,Social media,Twitter,https://twitter.com/112Twente/status/498570892495306752 ,Jupiterstraat kruising Auke Vleerstraat,399486,,,,,,,,,,
Enschede,08/10/2014,Social media,Twitter,https://twitter.com/MauriceErmen/status/498556649519730688 ,,,,,,,,,,,,
Enschede,08/10/2014,Social media,Twitter,https://twitter.com/Sreblov/status/498530380928925696 ,,,,,,,,,,,,
Enschede,08/10/2014,Social media,Twitter,https://twitter.com/Tuttitalia053/status/498573933625757697 ,,,,,,,,,,,,
Enschede,04/01/2015,Nieuws,RTV Oost,https://www.flickr.com/photos/rtvoost/sets/72157651658093902,,,,,,,,,,,,
Enschede,04/01/2015,Nieuws,RTV Oost,https://www.rtvoost.nl/nieuws/214605/Wateroverlast-voor-verkeer-op-Westerval-Enschede,Westerval 1,402485,Westerval 2,402486,Westerval 3,401486,Westerval 4,401487,Westerval 5,401488,Westerval 6,403485
Enschede,04/01/2015,Social media,Twitter,https://twitter.com/112Twente/status/583169747069628416,Westerval 1,402485,Westerval 2,402486,Westerval 3,401486,Westerval 4,401487,Westerval 5,401488,Westerval 6,403485
Enschede,04/01/2015,Social media,Youtube,https://www.youtube.com/watch?v=qB9EyDjOKBU,Westerval 1,402485,Westerval 2,402486,Westerval 3,401486,Westerval 4,401487,Westerval 5,401488,Westerval 6,403485
Enschede,05/30/2016,Nieuws,RTV Oost,https://www.flickr.com/photos/rtvoost/sets/72157669014090556,,,,,,,,,,,,
Enschede,05/30/2016,Social media,Twitter,https://twitter.com/overijssel112/status/737337282668167168 ,Dollardstraat,398489,,,,,,,,,,
Enschede,05/30/2016,Social media,Twitter,https://twitter.com/overijssel112/status/737339549047771136 ,Drienerlolaan,399486,,,,,,,,,,
Enschede,05/30/2016,Social media,Facebook,https://www.facebook.com/automobieltom/photos/a.283164415133322/944719965644427/?type=3,,,,,,,,,,,,
Enschede,05/30/2016,Social media,Facebook,https://www.facebook.com/groups/227468614264488/permalink/284160285261987/,Tubantiastraat kruising Goolkatenweg,400488,,,,,,,,,,
Enschede,05/30/2016,Social media,Facebook,https://www.facebook.com/patrick.vanderveen.16/posts/1005355729541897,Haaksbergerstraat 1,401489,Haaksbergerstraat 2,402489,Haaksbergerstraat 3,402488,Haaksbergerstraat 4,403488,Haaksbergerstraat 5,403487,,
Enschede,05/30/2016,Social media,Facebook,https://www.facebook.com/twekkelerveld/photos/a.1113850882013955/1113850925347284/?type=3,Twekkelerveld 1,399486,Twekkelerveld 2,400486,Twekkelerveld 3,400487,Twekkelerveld 4,400488,Twekkelerveld 5,401487,Twekkelerveld 6,401488
Enschede,05/30/2016,Social media,Facebook,https://www.facebook.com/WateruniversiteitTwente/photos/a.549104998482568/1121847801208282/?type=3&theater,Campus UT 1,398486,Campus UT 2,399486,Campus UT 3,399487,,,,,,
Enschede,05/30/2016,Social media,Facebook,https://www.facebook.com/WateruniversiteitTwente/posts/1121903157869413?__xts__[0]=68.ARDuAza2Kw5o01htu7BFNQYov_eAFG73zeUFgYkgr-f2GXGypdXAdRkTjFXPmRaD5zBuFKyafANYXXCpgttRLIdTYezt9kJg-3e45hD51oppobk8jj7LzBE5u1NeOtalLAZfp0LKeOFGcF-ih5k1d9dyuI65rll1iyeOHPaqk4QL-8vvBSG9F_2XEIUCUVPdtuCJtYvlpSrlhfrB2Waj8rGQkeBU2yrjlsg4cHmRDGHGes2_JvW8U_PL0rg_wpN6V0sWftO5z7sI8h3nI2J0AQnonUS41nVSKWp_uIvW1WpELWl88KoYxD6yXjBc0JOK_U-31IRZbn0u5yuPwjGot0aFcg&__tn__=-R,,,,,,,,,,,,
Enschede,05/30/2016,Social media,Facebook,https://www.facebook.com/WateruniversiteitTwente/videos/1121849041208158/?__xts__[0]=68.ARBJ8OekULMlLtOJ6LVhPUmrUGAHT4eUmsMoIunZ5FagQTP2HhqWppUwMVunW0n85RlfVh2YxTJMSuq8_LTWHRPPJ1lenaHxSynMxdnQAf_O9bpnb2KmSdMTP2CJQfglqMUeuIi5JIS3DoYr038_nGYsFLDSDORzB6UqZKnCO0VcH5kFYCwrVMGxJTAabSxihneKdPRjNxZGKDq4d1Mi9HgRb8Qm3oVnixN45gJJnaApLgv6ippxkDxDgbE0SggiMTGGnBPKHmcHU4zwsrnT8dyPA4ujOkfMNLMC7AFpmLUOXDiXup3dYY7baiiQB9fPWspFGM_gm3pAE1M8JeTnQigvPpf2tGaLLAQEsw&__tn__=-R,,,,,,,,,,,,
Enschede,05/30/2016,Social media,Facebook,https://www.facebook.com/WateruniversiteitTwente/videos/1121888301204232/?__xts__[0]=68.ARBsYVo-IHKH_tjz3AsTRBhb-U7KjYRYTAXy_yHsrnmMFIV8esdRys9_6jFn98Ut49pRB4RD2q4z_XD1gjgIQYWxcTQ-Gj8Gwf2qCOwhDaIR2-oXe3-XCg2mC1a1EuKd68W4f-3jq9KR6vN5uaw2NSNnmq50xYswlK-zqhgjqIvXUa1W2gt2csv3D1MVOi8msHvIKe7LabI-MWTH95c425a0g0bAQ0ohUEIA7KRDrW9cK7_2dwGfbdnnLfDF99thQ_azGhTNKGnpxxkMqSIfGxIOKplemnnxGbbssYuZ29zAOsNK02LSAZficenbn3itnNo9R7LVlolyputPQpiuFV6ISCUlhQnAyvPRpQ&__tn__=-R,,,,,,,,,,,,
Enschede,05/30/2016,Social media,Facebook,https://www.facebook.com/WateruniversiteitTwente/videos/vb.548566625203072/1121884284537967/?type=2&theater,,,,,,,,,,,,
Enschede,05/30/2016,Social media,Youtube,https://www.youtube.com/watch?v=_sQ2U1dSoy8,,,,,,,,,,,,
Enschede,05/30/2016,Social media,Youtube,https://www.youtube.com/watch?v=1hgvCFBr6yE,,,,,,,,,,,,
Enschede,05/30/2016,Social media,Youtube,https://www.youtube.com/watch?v=560qfH4rNmU,,,,,,,,,,,,
Enschede,05/30/2016,Social media,Youtube,https://www.youtube.com/watch?v=6qI4knq4ASs,Euregioweg 1,400493,Euregioweg 2,400494,Euregioweg 3,400495,,,,,,
Enschede,05/30/2016,Social media,Youtube,https://www.youtube.com/watch?v=6R5vBubBBq8,,,,,,,,,,,,
Enschede,05/30/2016,Social media,Youtube,https://www.youtube.com/watch?v=9FKC58QerXQ,Lage Bothofstraat,400491,,,,,,,,,,
Enschede,05/30/2016,Social media,Youtube,https://www.youtube.com/watch?v=A9o5nqEBgm0,Deurningerstraat kruising Roomweg,400489,,,,,,,,,,
Enschede,05/30/2016,Social media,Youtube,https://www.youtube.com/watch?v=gayzi38r-I4,Twekkelerveld 1,399486,Twekkelerveld 2,400486,Twekkelerveld 3,400487,Twekkelerveld 4,400488,Twekkelerveld 5,401487,Twekkelerveld 6,401488
Enschede,05/30/2016,Social media,Youtube,https://www.youtube.com/watch?v=GdliLu5XZdk,,,,,,,,,,,,
Enschede,05/30/2016,Social media,Youtube,https://www.youtube.com/watch?v=je4A2ilNFXw,,,,,,,,,,,,
Enschede,05/30/2016,Social media,Youtube,https://www.youtube.com/watch?v=jQW0tNQ_BgQ,,,,,,,,,,,,
Enschede,05/30/2016,Social media,Youtube,https://www.youtube.com/watch?v=k-4-DS-0G5k,,,,,,,,,,,,
Enschede,05/30/2016,Social media,Youtube,https://www.youtube.com/watch?v=LWL7dRTE8a8,Noord Esmarkerrondweg 1,399491,Noord Esmarkerrondweg 2,400492,,,,,,,,
Enschede,05/30/2016,Social media,Youtube,https://www.youtube.com/watch?v=r6ZS7BF7jnI,,,,,,,,,,,,
Enschede,05/30/2016,Social media,Youtube,https://www.youtube.com/watch?v=STCBdfGATyQ,Esdoornstraat,402488,,,,,,,,,,
Enschede,05/30/2016,Social media,Youtube,https://www.youtube.com/watch?v=u7dqxitFFWM,Hulsmaatstraat kruising Steenbeltweg,399490,,,,,,,,,,
Enschede,05/30/2016,Social media,Youtube,https://www.youtube.com/watch?v=uhY73fK4uy0,,,,,,,,,,,,
Enschede,05/30/2016,Social media,Youtube,https://www.youtube.com/watch?v=V3gbg3W-SA0,,,,,,,,,,,,
Enschede,05/30/2016,Social media,Youtube,https://www.youtube.com/watch?v=Ygmp0ImJ7Zw,Twekkelerveld 1,399486,Twekkelerveld 2,400486,Twekkelerveld 3,400487,Twekkelerveld 4,400488,Twekkelerveld 5,401487,Twekkelerveld 6,401488
Enschede,05/30/2016,Social media,Youtube,https://www.youtube.com/watch?v=YL9yXyDHEa4,Elferinksweg 1,401488,Elferinksweg 2,402487,Elferinksweg 3,402488,,,,,,
Enschede,07/25/2018,Nieuws,Indebuurt,https://indebuurt.nl/enschede/nieuws/eindelijk-regen-in-enschede~50579/,,,,,,,,,,,,
Enschede,07/25/2018,Nieuws,RTV Oost,https://www.rtvoost.nl/nieuws/296133/Regio-Enschede-krijgt-plens-hemelwater-noodweer-zet-straten-blank,,,,,,,,,,,,
Enschede,07/25/2018,Social media,Twitter,https://twitter.com/ikbenonline/status/1022192096021753856,,,,,,,,,,,,
Enschede,07/25/2018,Social media,Youtube,https://www.youtube.com/watch?v=F9CZDnIno84,,,,,,,,,,,,
Molenlanden,07/27/2014,Social media,Twitter,https://twitter.com/GSterrenburg/status/493682496153083904,Julianastraat Groot Ammers 1,450345,Julianastraat Groot Ammers 2,450346,,,,,,,,
Zwolle,07/27/2011,Social media,Twitter,https://twitter.com/erikenl/status/96631491198586880,,,,,,,,,,,,
Zwolle,07/27/2011,Social media,Youtube,https://www.youtube.com/watch?v=Q5ScMCdvgbw,,,,,,,,,,,,
Zwolle,07/26/2014,Nieuws,RTV Oost,https://www.rtvoost.nl/nieuws/194743/Wateroverlast-in-Ommen-Zwolle-Dedemsvaart-en-Balkbrug-door-lokale-buien,Kerkstraat Zwolle,373429,,,,,,,,,,
Zwolle,07/26/2014,Social media,Youtube,https://www.youtube.com/watch?v=_COnsxEiSyc,,,,,,,,,,,,
Zwolle,07/27/2015,Nieuws,RTV Oost,https://www.rtvoost.nl/nieuws/222923/Wolkbreuk-zorgt-voor-wateroverlast-in-Zwolle,westenholte1,373425,westenholte2,373426,westenholte3,372426,,,,,,
Zwolle,07/27/2015,Nieuws,Webblog Zwolle,https://www.weblogzwolle.nl/nieuws/47162/wateroverlast-in-zwolle.html,Schumannlaan1,372428,Schumannlaan2,373428,Middelweg1,371428,Middelweg2,371429,Middelweg3,372429,Katwolderweg,373428
Zwolle,07/27/2015,Social media,Youtube,https://www.youtube.com/watch?v=KFzYsaGGiSk,,,,,,,,,,,,
Zwolle,06/27/2017,Nieuws,De Stentor,https://www.destentor.nl/zwolle/hoosbuien-zorgen-voor-wateroverlast~aa3ad371/,Katwolderweg,373428,Koningin Wilhelminastraat,374428,,,,,,,,
Zwolle,06/27/2017,Nieuws,RTL nieuws,https://www.rtlnieuws.nl/node/36316,,,,,,,,,,,,
Zwolle,06/27/2017,Nieuws,RTV Focus Zwolle,https://www.rtvfocuszwolle.nl/%e2%96%ba-video-rietweg-en-onderdoorgang-blalobrug-volledig-blank-door-wolkbreuk/amp/,Rieteweg1,373428,Rieteweg2,374428,,,,,,,,
Zwolle,06/27/2017,Social media,Youtube,https://www.youtube.com/watch?v=flc7BDhbREk,,,,,,,,,,,,
Zwolle,06/27/2017,Social media,Youtube,https://www.youtube.com/watch?v=w0quRYEcPU8,,,,,,,,,,,,
Zwolle,07/20/2019,Nieuws,Indebuurt,https://indebuurt.nl/zwolle/nieuws/albert-heijn-zwolle-zuid-gesloten-vanwege-wateroverlast~86521/,Pijpmanstraat,377431,Marslanden 1,375432,Marslanden 2,376432,,,,,,
Zwolle,07/20/2019,Nieuws,De Stentor,https://www.destentor.nl/zwolle/wateroverlast-na-noodweer-in-oost-nederland-supermarkten-in-heerde-en-zwolle-dicht~a73e38d9/,Pijpmanstraat,377431,,,,,,,,,,
Zwolle,07/20/2019,Social media,Twitter,https://twitter.com/casakleinhuis/status/1152634987981824001,,,,,,,,,,,,
Zwolle,07/20/2019,Social media,Twitter,https://twitter.com/casakleinhuis/status/1152635278282113025,,,,,,,,,,,,
Zwolle,07/20/2019,Social media,Twitter,https://twitter.com/casakleinhuis/status/1152636363243741184,,,,,,,,,,,,
Zwolle,07/20/2019,Social media,Twitter,https://twitter.com/POL_ZwolleOost/status/1152634399244115968,Marslanden 1,375432,Marslanden 2,376432,,,,,,,,
Zwolle,07/20/2019,Social media,Twitter,https://twitter.com/YElsendoorn/status/1152663366609059840,Timmermeesterlaan,376431,,,,,,,,,,
